donedealb.ie,,
donedeala.ie,,
donedealc.ie,,
donedeald.ie,,
donedeale.ie,,
donedealf.ie,,
donedealg.ie,,
donedealh.ie,,
donedeali.ie,,
donedeall.ie,,
donedealn.ie,,
donedealm.ie,,
donedealo.ie,,
donedealp.ie,,
donedealj.ie,,
donedealk.ie,,
donedealq.ie,,
donedealr.ie,,
donedeals.ie,,
donedealt.ie,,
donedealu.ie,,
donedealv.ie,,
donedealw.ie,,
donedealx.ie,,
donedealy.ie,,
donedealz.ie,,
donedeal.ie,,
eonedeal.ie,,
fonedeal.ie,,
bonedeal.ie,,
gonedeal.ie,,
aonedeal.ie,,
donedeal.ie,,
conedeal.ie,,
dnnedeal.ie,,
dlnedeal.ie,,
dmnedeal.ie,,
dknedeal.ie,,
djnedeal.ie,,
dinedeal.ie,,
dhnedeal.ie,,
donedeal.ie,,
dooedeal.ie,,
domedeal.ie,,
doledeal.ie,,
dojedeal.ie,,
dohedeal.ie,,
dokedeal.ie,,
doiedeal.ie,,
donadeal.ie,,
donedeal.ie,,
donddeal.ie,,
dongdeal.ie,,
donfdeal.ie,,
donedeal.ie,,
donbdeal.ie,,
donefeal.ie,,
doneeeal.ie,,
donegeal.ie,,
doncdeal.ie,,
doneaeal.ie,,
donebeal.ie,,
doneceal.ie,,
donedeal.ie,,
doneddal.ie,,
donedeal.ie,,
donedgal.ie,,
donedfal.ie,,
donedaal.ie,,
donedcal.ie,,
donedbal.ie,,
donededl.ie,,
donedecl.ie,,
donedebl.ie,,
donedefl.ie,,
donedeel.ie,,
donedegl.ie,,
donedeam.ie,,
donedean.ie,,
donedeal.ie,,
donedeao.ie,,
donedeah.ie,,
donedeai.ie,,
donedeaj.ie,,
donedeak.ie,,
odnedeal.ie,,
dnoedeal.ie,,
doendeal.ie,,
dondeeal.ie,,
doneedal.ie,,
donedael.ie,,
donedela.ie,,
ddonedeal.ie,,
doonedeal.ie,,
donnedeal.ie,,
doneedeal.ie,,
doneddeal.ie,,
donedeeal.ie,,
donedeaal.ie,,
donedeall.ie,,
ronedeal.ie,,
fonedeal.ie,,
conedeal.ie,,
xonedeal.ie,,
sonedeal.ie,,
eonedeal.ie,,
d0nedeal.ie,,
dpnedeal.ie,,
dlnedeal.ie,,
dknedeal.ie,,
dinedeal.ie,,
d9nedeal.ie,,
dobedeal.ie,,
dohedeal.ie,,
dojedeal.ie,,
domedeal.ie,,
don4deal.ie,,
donrdeal.ie,,
donddeal.ie,,
donsdeal.ie,,
donwdeal.ie,,
don3deal.ie,,
donereal.ie,,
donefeal.ie,,
doneceal.ie,,
donexeal.ie,,
doneseal.ie,,
doneeeal.ie,,
doned4al.ie,,
donedral.ie,,
doneddal.ie,,
donedsal.ie,,
donedwal.ie,,
doned3al.ie,,
donedeql.ie,,
donedewl.ie,,
donedesl.ie,,
donedezl.ie,,
donedeak.ie,,
donedeao.ie,,
donedeap.ie,,
bonedeal.ie,,
ԁonedeal.ie,,
ժonedeal.ie,,
ɗonedeal.ie,,
đonedeal.ie,,
bonebeal.ie,,
ԁoneԁeal.ie,,
ժoneժeal.ie,,
ɗoneɗeal.ie,,
đoneđeal.ie,,
d0nedeal.ie,,
dΟnedeal.ie,,
dοnedeal.ie,,
dОnedeal.ie,,
dоnedeal.ie,,
dՕnedeal.ie,,
dọnedeal.ie,,
dȯnedeal.ie,,
dỏnedeal.ie,,
dơnedeal.ie,,
dónedeal.ie,,
dönedeal.ie,,
dӧnedeal.ie,,
dｏnedeal.ie,,
domedeal.ie,,
doredeal.ie,,
dońedeal.ie,,
donédeal.ie,,
donêdeal.ie,,
donëdeal.ie,,
donĕdeal.ie,,
donēdeal.ie,,
donědeal.ie,,
donеdeal.ie,,
donẹdeal.ie,,
donėdeal.ie,,
donędeal.ie,,
donєdeal.ie,,
donϵdeal.ie,,
donҽdeal.ie,,
donêdêal.ie,,
donédéal.ie,,
donëdëal.ie,,
donēdēal.ie,,
donĕdĕal.ie,,
doněděal.ie,,
donėdėal.ie,,
donеdеal.ie,,
donẹdẹal.ie,,
donędęal.ie,,
donєdєal.ie,,
donϵdϵal.ie,,
donҽdҽal.ie,,
donebeal.ie,,
doneԁeal.ie,,
doneժeal.ie,,
doneɗeal.ie,,
doneđeal.ie,,
donedéal.ie,,
donedêal.ie,,
donedēal.ie,,
donedëal.ie,,
donedĕal.ie,,
doneděal.ie,,
donedėal.ie,,
donedеal.ie,,
donedẹal.ie,,
donedęal.ie,,
donedєal.ie,,
donedϵal.ie,,
donedҽal.ie,,
donedeàl.ie,,
donedeál.ie,,
donedeâl.ie,,
donedeãl.ie,,
donedeäl.ie,,
donedeɑl.ie,,
donedeål.ie,,
donedeаl.ie,,
donedeạl.ie,,
donedeǎl.ie,,
donedeăl.ie,,
donedeȧl.ie,,
donedeαl.ie,,
donedeａl.ie,,
donedea1.ie,,
donedeai.ie,,
donedeaɫ.ie,,
donedeał.ie,,
wwwdonedeal.ie,,
onedeal.ie,,
dnedeal.ie,,
doedeal.ie,,
dondeal.ie,,
doneeal.ie,,
donedal.ie,,
donedel.ie,,
donedeal.int,,
donedea.ie,,
donedeal.com,,
donedeal.org,,
donedeal.net,,
donedeal.ac,,
donedeal.mil,,
donedeal.ae,,
donedeal.gov,,
donedeal.edu,,
donedeal.ag,,
donedeal.ad,,
donedeal.ai,,
donedeal.af,,
donedeal.al,,
donedeal.ax,,
donedeal.am,,
donedeal.an,,
donedeal.ao,,
donedeal.aq,,
donedeal.ar,,
donedeal.as,,
donedeal.at,,
donedeal.au,,
donedeal.aw,,
donedeal.be,,
donedeal.az,,
donedeal.ba,,
donedeal.bb,,
donedeal.bd,,
donedeal.bh,,
donedeal.bf,,
donedeal.bg,,
donedeal.bj,,
donedeal.bi,,
donedeal.bm,,
donedeal.bl,,
donedeal.bn,,
donedeal.bo,,
donedeal.by,,
donedeal.bs,,
donedeal.bt,,
donedeal.br,,
donedeal.bq,,
donedeal.bw,,
donedeal.bv,,
donedeal.cc,,
donedeal.bz,,
donedeal.ca,,
donedeal.cd,,
donedeal.cf,,
donedeal.cg,,
donedeal.ck,,
donedeal.ci,,
donedeal.ch,,
donedeal.cl,,
donedeal.co,,
donedeal.cn,,
donedeal.cr,,
donedeal.cm,,
donedeal.cs,,
donedeal.cu,,
donedeal.cv,,
donedeal.cw,,
donedeal.cy,,
donedeal.cz,,
donedeal.dd,,
donedeal.de,,
donedeal.dk,,
donedeal.dj,,
donedeal.dm,,
donedeal.dz,,
donedeal.do,,
donedeal.ee,,
donedeal.ec,,
donedeal.eg,,
donedeal.eh,,
donedeal.er,,
donedeal.es,,
donedeal.eu,,
donedeal.et,,
donedeal.fi,,
donedeal.fj,,
donedeal.fk,,
donedeal.fm,,
donedeal.fo,,
donedeal.fr,,
donedeal.ga,,
donedeal.gb,,
donedeal.gd,,
donedeal.ge,,
donedeal.gf,,
donedeal.gg,,
donedeal.gh,,
donedeal.gi,,
donedeal.gp,,
donedeal.gl,,
donedeal.gm,,
donedeal.gn,,
donedeal.gs,,
donedeal.gq,,
donedeal.gr,,
donedeal.gt,,
donedeal.gw,,
donedeal.gy,,
donedeal.gu,,
donedeal.hk,,
donedeal.hm,,
donedeal.hn,,
donedeal.hr,,
donedeal.ht,,
donedeal.il,,
donedeal.hu,,
donedeal.id,,
donedeal.ie,,
donedeal.io,,
donedeal.in,,
donedeal.ir,,
donedeal.iq,,
donedeal.is,,
donedeal.it,,
donedeal.im,,
donedeal.je,,
donedeal.jm,,
donedeal.jo,,
donedeal.jp,,
donedeal.ke,,
donedeal.kn,,
donedeal.kg,,
donedeal.kh,,
donedeal.ki,,
donedeal.km,,
donedeal.kw,,
donedeal.kp,,
donedeal.kr,,
donedeal.kz,,
donedeal.la,,
donedeal.lb,,
donedeal.ky,,
donedeal.lc,,
donedeal.li,,
donedeal.lk,,
donedeal.lr,,
donedeal.ls,,
donedeal.lt,,
donedeal.lu,,
donedeal.lv,,
donedeal.ly,,
donedeal.ma,,
donedeal.mc,,
donedeal.md,,
donedeal.me,,
donedeal.mf,,
donedeal.mg,,
donedeal.mh,,
donedeal.mk,,
donedeal.ml,,
donedeal.mm,,
donedeal.mn,,
donedeal.mo,,
donedeal.mp,,
donedeal.mq,,
donedeal.mr,,
donedeal.ms,,
donedeal.mt,,
donedeal.mu,,
donedeal.mv,,
donedeal.mw,,
donedeal.mx,,
donedeal.my,,
donedeal.mz,,
donedeal.na,,
donedeal.nc,,
donedeal.ne,,
donedeal.nf,,
donedeal.ng,,
donedeal.ni,,
donedeal.nl,,
donedeal.no,,
donedeal.np,,
donedeal.nr,,
donedeal.nu,,
donedeal.nz,,
donedeal.om,,
donedeal.pa,,
donedeal.pe,,
donedeal.pf,,
donedeal.pg,,
donedeal.ph,,
donedeal.pl,,
donedeal.pk,,
donedeal.pm,,
donedeal.pr,,
donedeal.ps,,
donedeal.pn,,
donedeal.pw,,
donedeal.pt,,
donedeal.py,,
donedeal.qa,,
donedeal.re,,
donedeal.ro,,
donedeal.rs,,
donedeal.ru,,
donedeal.rw,,
donedeal.sa,,
donedeal.sb,,
donedeal.sc,,
donedeal.sd,,
donedeal.se,,
donedeal.sg,,
donedeal.sh,,
donedeal.si,,
donedeal.sj,,
donedeal.sk,,
donedeal.sl,,
donedeal.sm,,
donedeal.sn,,
donedeal.so,,
donedeal.sr,,
donedeal.ss,,
donedeal.st,,
donedeal.su,,
donedeal.sv,,
donedeal.sx,,
donedeal.sz,,
donedeal.tc,,
donedeal.td,,
donedeal.tf,,
donedeal.tg,,
donedeal.th,,
donedeal.tj,,
donedeal.tk,,
donedeal.tl,,
donedeal.tm,,
donedeal.tn,,
donedeal.to,,
donedeal.tp,,
donedeal.tr,,
donedeal.tt,,
donedeal.tv,,
donedeal.tw,,
donedeal.tz,,
donedeal.ua,,
donedeal.ug,,
donedeal.uk,,
donedeal.um,,
donedeal.us,,
donedeal.uy,,
donedeal.uz,,
donedeal.va,,
donedeal.vc,,
donedeal.ve,,
donedeal.vg,,
donedeal.vi,,
donedeal.vn,,
donedeal.vu,,
donedeal.wf,,
donedeal.ws,,
donedeal.ye,,
donedeal.yt,,
donedeal.yu,,
donedeal.za,,
donedeal.zm,,
donedeal.zr,,
donedeal.zw,,
